district,city,wilaya
Timekten,Aoulef,Adrar
Bouda,Adrar,Adrar
Ouled Ahmed Timmi,Adrar,Adrar
Adrar,Adrar,Adrar
Fenoughil,Fenoughil,Adrar
In Zghmir,Zaouiat Kounta,Adrar
Reggane,Reggane,Adrar
Sali,Reggane,Adrar
Sebaa,Tsabit,Adrar
Tsabit,Tsabit,Adrar
Tamest,Fenoughil,Adrar
Tamantit,Fenoughil,Adrar
Tit,Aoulef,Adrar
Zaouiet Kounta,Zaouiat Kounta,Adrar
Akabli,Aoulef,Adrar
Aoulef,Aoulef,Adrar
Talassa,Abou El Hassane,Chlef
Zeboudja,Zeboudja,Chlef
El Hadjadj,Ouled Ben Abdelkader,Chlef
Ouled Ben Abdelkader,Ouled Ben Abdelkader,Chlef
Ain Merane,Ain Merane,Chlef
Breira,Beni Haoua,Chlef
Ouled Abbes,Oued Fodda,Chlef
Oued Fodda,Oued Fodda,Chlef
Beni Rached,Oued Fodda,Chlef
Herenfa,Ain Merane,Chlef
Tadjena,Abou El Hassane,Chlef
El Marsa,El Marsa,Chlef
Chlef,Chlef,Chlef
Oum Drou,Chlef,Chlef
Sendjas,Chlef,Chlef
Sidi Abderrahmane,Tenes,Chlef
Sidi Akkacha,Tenes,Chlef
Tenes,Tenes,Chlef
Beni  Bouattab,El Karimia,Chlef
El Karimia,El Karimia,Chlef
Harchoun,El Karimia,Chlef
Bouzeghaia,Zeboudja,Chlef
Taougrit,Taougrit,Chlef
Beni Haoua,Beni Haoua,Chlef
Abou El Hassane,Abou El Hassane,Chlef
Oued Goussine,Beni Haoua,Chlef
Chettia,Ouled Fares,Chlef
Moussadek,El Marsa,Chlef
Ouled Fares,Ouled Fares,Chlef
Boukadir,Boukadir,Chlef
Oued Sly,Boukadir,Chlef
Sobha,Boukadir,Chlef
Benairia,Zeboudja,Chlef
Labiod Medjadja,Ouled Fares,Chlef
Dahra,Taougrit,Chlef
El Beidha,Gueltat Sidi Saad,Laghouat
Gueltat Sidi Saad,Gueltat Sidi Saad,Laghouat
Brida,Brida,Laghouat
Ain Sidi Ali,Gueltat Sidi Saad,Laghouat
Tadjemout,Ain Madhi,Laghouat
Hadj Mechri,Brida,Laghouat
Taouiala,Brida,Laghouat
El Ghicha,El Ghicha,Laghouat
Tadjrouna,Ain Madhi,Laghouat
Sebgag,Aflou,Laghouat
Sidi Bouzid,Aflou,Laghouat
Oued Morra,Oued Morra,Laghouat
Laghouat,Laghouat,Laghouat
Oued M'zi,Oued Morra,Laghouat
Ksar El Hirane,Ksar El Hirane,Laghouat
El Assafia,Sidi Makhlouf,Laghouat
Sidi Makhlouf,Sidi Makhlouf,Laghouat
Hassi Delaa,Hassi R'mel,Laghouat
Hassi R'mel,Hassi R'mel,Laghouat
Ain Madhi,Ain Madhi,Laghouat
El Haouaita,Ain Madhi,Laghouat
Kheneg,Ain Madhi,Laghouat
Benacer Benchohra,Ksar El Hirane,Laghouat
Aflou,Aflou,Laghouat
Fkirina,F'kirina,Oum El Bouaghi
El Fedjoudj Boughrara Sa,Ain Fekroun,Oum El Bouaghi
Ain Fekroun,Ain Fekroun,Oum El Bouaghi
Rahia,Meskiana,Oum El Bouaghi
Meskiana,Meskiana,Oum El Bouaghi
El Belala,Meskiana,Oum El Bouaghi
Behir Chergui,Meskiana,Oum El Bouaghi
Ksar Sbahi,Ksar Sbahi,Oum El Bouaghi
Souk Naamane,Souk Naamane,Oum El Bouaghi
Ouled Zouai,Souk Naamane,Oum El Bouaghi
Oum El Bouaghi,Oum El Bouaghi,Oum El Bouaghi
Ain Babouche,Ain Babouche,Oum El Bouaghi
Ain Zitoun,Oum El Bouaghi,Oum El Bouaghi
Bir Chouhada,Souk Naamane,Oum El Bouaghi
Ain Beida,Ain Beida,Oum El Bouaghi
Berriche,Ain Beida,Oum El Bouaghi
Zorg,Ain Beida,Oum El Bouaghi
Ain M'lila,Ain M'lila,Oum El Bouaghi
Ouled Gacem,Ain M'lila,Oum El Bouaghi
Ouled Hamla,Ain M'lila,Oum El Bouaghi
El Amiria,Sigus,Oum El Bouaghi
Sigus,Sigus,Oum El Bouaghi
Oued Nini,F'kirina,Oum El Bouaghi
Ain Diss,Ain Babouche,Oum El Bouaghi
Dhalaa,Dhalaa,Oum El Bouaghi
El Djazia,Dhalaa,Oum El Bouaghi
Ain Kercha,Ain Kercha,Oum El Bouaghi
El Harmilia,Ain Kercha,Oum El Bouaghi
Hanchir Toumghani,Ain Kercha,Oum El Bouaghi
Maafa,Ain Touta,Batna
Gosbat,Ras El Aioun,Batna
Timgad,Timgad,Batna
Taxlent,Ouled Si Slimane,Batna
Ouled Si Slimane,Ouled Si Slimane,Batna
Lemcene,Ouled Si Slimane,Batna
Talkhamt,Ras El Aioun,Batna
Ras El Aioun,Ras El Aioun,Batna
Rahbat,Ras El Aioun,Batna
Ouled Sellem,Ras El Aioun,Batna
Guigba,Ras El Aioun,Batna
Teniet El Abed,Theniet El Abed,Batna
Batna,Batna,Batna
Fesdis,Batna,Batna
Oued Chaaba,Batna,Batna
Hidoussa,Merouana,Batna
Ksar Bellezma,Merouana,Batna
Merouana,Merouana,Batna
Oued El Ma,Merouana,Batna
Lazrou,Seriana,Batna
Seriana,Seriana,Batna
Zanet El Beida,Seriana,Batna
Menaa,Menaa,Batna
Tigharghar,Menaa,Batna
Ain Yagout,El Madher,Batna
Boumia,El Madher,Batna
Djerma,El Madher,Batna
El Madher,El Madher,Batna
Ouyoun El Assafir,Tazoult,Batna
Tazoult,Tazoult,Batna
Boumagueur,N'gaous,Batna
N Gaous,N'gaous,Batna
Sefiane,N'gaous,Batna
Arris,Arris,Batna
Tighanimine,Arris,Batna
Ain Djasser,Ain Djasser,Batna
El Hassi,Ain Djasser,Batna
Seggana,Seggana,Batna
Tilatou,Seggana,Batna
Foum Toub,Ichemoul,Batna
Ichemoul,Ichemoul,Batna
Inoughissen,Ichemoul,Batna
Bouzina,Bouzina,Batna
Larbaa,Bouzina,Batna
Boulhilat,Chemora,Batna
Chemora,Chemora,Batna
Barika,Barika,Batna
Bitam,Barika,Batna
M Doukal,Barika,Batna
Azil Abedelkader,Djezzar,Batna
Djezzar,Djezzar,Batna
Ouled Ammar,Djezzar,Batna
Ghassira,Tkout,Batna
Kimmel,Tkout,Batna
T Kout,Tkout,Batna
Ain Touta,Ain Touta,Batna
Beni Foudhala El Hakania,Ain Touta,Batna
Ouled Fadel,Timgad,Batna
Ouled Aouf,Ain Touta,Batna
Chir,Theniet El Abed,Batna
Oued Taga,Theniet El Abed,Batna
Sidi Ayad,Sidi Aich,Béjaïa
Barbacha,Barbacha,Béjaïa
Leflaye,Sidi Aich,Béjaïa
Kendira,Barbacha,Béjaïa
Sidi-Aich,Sidi Aich,Béjaïa
Tifra,Sidi Aich,Béjaïa
Tinebdar,Sidi Aich,Béjaïa
El Kseur,El Kseur,Béjaïa
Fenaia Il Maten,El Kseur,Béjaïa
Toudja,El Kseur,Béjaïa
Dra El Caid,Kherrata,Béjaïa
Kherrata,Kherrata,Béjaïa
Bejaia,Bejaia,Béjaïa
Oued Ghir,Bejaia,Béjaïa
Benimaouche,Beni Maouche,Béjaïa
Beni Djellil,Amizour,Béjaïa
Feraoun,Amizour,Béjaïa
Smaoun,Amizour,Béjaïa
Timezrit,Timezrit,Béjaïa
Melbou,Souk El Tenine,Béjaïa
Souk El Tenine,Souk El Tenine,Béjaïa
Tamridjet,Souk El Tenine,Béjaïa
Boukhelifa,Tichy,Béjaïa
Tala Hamza,Tichy,Béjaïa
Tichy,Tichy,Béjaïa
Ait R'zine,Ighil Ali,Béjaïa
Ighil-Ali,Ighil Ali,Béjaïa
Ait-Smail,Darguina,Béjaïa
Darguina,Darguina,Béjaïa
Taskriout,Darguina,Béjaïa
Aokas,Aokas,Béjaïa
Tizi-N'berber,Aokas,Béjaïa
Adekar,Adekar,Béjaïa
Beni K'sila,Adekar,Béjaïa
Taourit Ighil,Adekar,Béjaïa
Akbou,Akbou,Béjaïa
Chellata,Akbou,Béjaïa
Ighram,Akbou,Béjaïa
Tamokra,Akbou,Béjaïa
Amalou,Seddouk,Béjaïa
Bouhamza,Seddouk,Béjaïa
M'cisna,Seddouk,Béjaïa
Seddouk,Seddouk,Béjaïa
Beni-Mallikeche,Tazmalt,Béjaïa
Boudjellil,Tazmalt,Béjaïa
Tazmalt,Tazmalt,Béjaïa
Akfadou,Chemini,Béjaïa
Chemini,Chemini,Béjaïa
Souk Oufella,Chemini,Béjaïa
Tibane,Chemini,Béjaïa
Ouzellaguen,Ifri Ouzellaguene,Béjaïa
Amizour,Amizour,Béjaïa
El Feidh,Zeribet El Oued,Biskra
Lichana,Tolga,Biskra
Bouchakroun,Tolga,Biskra
Mekhadma,Ourlal,Biskra
Djemorah,Djemorah,Biskra
Branis,Djemorah,Biskra
El Outaya,El Outaya,Biskra
El Kantara,El Kantara,Biskra
Khenguet Sidi Nadji,Zeribet El Oued,Biskra
Ain Zaatout,El Kantara,Biskra
Zeribet El Oued,Zeribet El Oued,Biskra
Meziraa,Zeribet El Oued,Biskra
Biskra,Biskra,Biskra
El Hadjab,Biskra,Biskra
M'lili,Ourlal,Biskra
Foughala,Foughala,Biskra
El Ghrous,Foughala,Biskra
Bordj Ben Azzouz,Tolga,Biskra
Ourlal,Ourlal,Biskra
Oumache,Ourlal,Biskra
Ain Naga,Sidi Okba,Biskra
Chetma,Sidi Okba,Biskra
El Haouch,Sidi Okba,Biskra
Sidi Okba,Sidi Okba,Biskra
M'chouneche,Mechouneche,Biskra
Lioua,Ourlal,Biskra
Tolga,Tolga,Biskra
Bechar,Bechar,Béchar
Boukais,Lahmar,Béchar
Lahmar,Lahmar,Béchar
Mogheul,Lahmar,Béchar
Meridja,Kenadsa,Béchar
Taghit,Taghit,Béchar
Abadla,Abadla,Béchar
Erg-Ferradj,Abadla,Béchar
Machraa-Houari-Boumediene,Abadla,Béchar
Beni-Ounif,Beni Ounif,Béchar
Tabelbala,Tabelbala,Béchar
Kenadsa,Kenadsa,Béchar
Beni Mered,Ouled Yaich,Blida
Ouled Slama,Bougara,Blida
Mouzaia,Mouzaia,Blida
Hammam Elouane,Bougara,Blida
Bougara,Bougara,Blida
Souhane,Larbaa,Blida
Larbaa,Larbaa,Blida
Soumaa,Boufarik,Blida
Guerrouaou,Boufarik,Blida
Boufarik,Boufarik,Blida
Meftah,Meftah,Blida
Chiffa,Mouzaia,Blida
Ain Romana,Mouzaia,Blida
Oued  Djer,El Affroun,Blida
El-Affroun,El Affroun,Blida
Ouled Yaich,Ouled Yaich,Blida
Chrea,Ouled Yaich,Blida
Djebabra,Meftah,Blida
Oued El Alleug,Oued El Alleug,Blida
Benkhelil,Oued El Alleug,Blida
Beni-Tamou,Oued El Alleug,Blida
Chebli,Bouinan,Blida
Bouinan,Bouinan,Blida
Bouarfa,Blida,Blida
Blida,Blida,Blida
Ain Laloui,Ain Bessem,Bouira
Hadjera Zerga,Bordj Okhriss,Bouira
Mezdour,Bordj Okhriss,Bouira
Taguedite,Bordj Okhriss,Bouira
Ridane,Sour El Ghozlane,Bouira
Maamora,Sour El Ghozlane,Bouira
El-Hakimia,Sour El Ghozlane,Bouira
Ahl El Ksar,Bechloul,Bouira
Dirah,Sour El Ghozlane,Bouira
Dechmia,Sour El Ghozlane,Bouira
Bechloul,Bechloul,Bouira
Ath Mansour,M'chedallah,Bouira
Saharidj,M'chedallah,Bouira
El Adjiba,Bechloul,Bouira
El Asnam,Bechloul,Bouira
M Chedallah,M'chedallah,Bouira
Bordj Okhriss,Bordj Okhriss,Bouira
Sour El Ghozlane,Sour El Ghozlane,Bouira
Hanif,M'chedallah,Bouira
Chorfa,M'chedallah,Bouira
Ouled Rached,Bechloul,Bouira
Ain El Hadjar,Ain Bessem,Bouira
Aghbalou,M'chedallah,Bouira
Raouraoua,Bir Ghbalou,Bouira
El Khabouzia,Bir Ghbalou,Bouira
Bir Ghbalou,Bir Ghbalou,Bouira
Bouira,Bouira,Bouira
Ain Turk,Bouira,Bouira
Ait Laaziz,Bouira,Bouira
Ain-Bessem,Ain Bessem,Bouira
El-Mokrani,Souk El Khemis,Bouira
Souk El Khemis,Souk El Khemis,Bouira
Aomar,Kadiria,Bouira
Djebahia,Kadiria,Bouira
El Hachimia,El Hachimia,Bouira
Haizer,Haizer,Bouira
Taghzout,Haizer,Bouira
Bouderbala,Lakhdaria,Bouira
Boukram,Lakhdaria,Bouira
Guerrouma,Lakhdaria,Bouira
Lakhdaria,Lakhdaria,Bouira
Maala,Lakhdaria,Bouira
Kadiria,Kadiria,Bouira
Z'barbar (El Isseri ),Lakhdaria,Bouira
Oued El Berdi,El Hachimia,Bouira
Tazrouk,Tazrouk,Tamanrasset
Abelsa,Silet,Tamanrasset
Tamanrasset,Tamanrasset,Tamanrasset
Ain Amguel,Tamanrasset,Tamanrasset
Idles,Tazrouk,Tamanrasset
El-Houidjbet,El Malabiod,Tébessa
El-Aouinet,El Aouinet,Tébessa
Ferkane,Negrine,Tébessa
Negrine,Negrine,Tébessa
Bir Mokkadem,Bir Mokadem,Tébessa
Bir Dheheb,Morsott,Tébessa
Saf Saf El Ouesra,Oum Ali,Tébessa
Guorriguer,Bir Mokadem,Tébessa
Bekkaria,El Kouif,Tébessa
Boulhaf Dyr,El Kouif,Tébessa
Oum Ali,Oum Ali,Tébessa
Boukhadra,El Aouinet,Tébessa
El Malabiod,El Malabiod,Tébessa
Ouenza,Ouenza,Tébessa
El Meridj,Ouenza,Tébessa
Ain Zerga,Ouenza,Tébessa
Stah Guentis,El Ogla,Tébessa
El Ogla,El Ogla,Tébessa
El Mezeraa,El Ogla,Tébessa
Bedjene,El Ogla,Tébessa
Morsott,Morsott,Tébessa
Telidjen,Cheria,Tébessa
Cheria,Cheria,Tébessa
El Ogla El Malha,Bir El Ater,Tébessa
Bir-El-Ater,Bir El Ater,Tébessa
Tebessa,Tebessa,Tébessa
Hammamet,Bir Mokadem,Tébessa
El Kouif,El Kouif,Tébessa
Bab El Assa,Bab El Assa,Tlemcen
Terny Beni Hediel,Mansourah,Tlemcen
Mansourah,Mansourah,Tlemcen
Beni Mester,Mansourah,Tlemcen
Ain Ghoraba,Mansourah,Tlemcen
Chetouane,Chetouane,Tlemcen
Amieur,Chetouane,Tlemcen
Ain Fezza,Chetouane,Tlemcen
Honnaine,Honnaine,Tlemcen
Beni Khellad,Honnaine,Tlemcen
Sidi Djillali,Sidi Djillali,Tlemcen
Bouihi,Sidi Djillali,Tlemcen
Nedroma,Nedroma,Tlemcen
M'sirda Fouaga,Marsa Ben Mehdi,Tlemcen
Marsa Ben M'hidi,Marsa Ben Mehdi,Tlemcen
Sidi Medjahed,Beni Boussaid,Tlemcen
Beni Boussaid,Beni Boussaid,Tlemcen
Sebdou,Sebdou,Tlemcen
El Gor,Sebdou,Tlemcen
El Aricha,Sebdou,Tlemcen
Bouhlou,Sabra,Tlemcen
Maghnia,Maghnia,Tlemcen
Hammam Boughrara,Maghnia,Tlemcen
Zenata,Hennaya,Tlemcen
Ouled Riyah,Hennaya,Tlemcen
Hennaya,Hennaya,Tlemcen
Sidi Abdelli,Bensekrane,Tlemcen
Souk Tleta,Bab El Assa,Tlemcen
Bensekrane,Bensekrane,Tlemcen
Fellaoucene,Fellaoucene,Tlemcen
Ain Kebira,Fellaoucene,Tlemcen
Ain Fetah,Fellaoucene,Tlemcen
Tlemcen,Tlemcen,Tlemcen
Ain Nehala,Ain Tellout,Tlemcen
Ain Tellout,Ain Tellout,Tlemcen
Ain Youcef,Remchi,Tlemcen
Beni Ouarsous,Remchi,Tlemcen
El Fehoul,Remchi,Tlemcen
Remchi,Remchi,Tlemcen
Sebbaa Chioukh,Remchi,Tlemcen
Souani,Bab El Assa,Tlemcen
Sabra,Sabra,Tlemcen
Dar Yaghmoracen,Ghazaouet,Tlemcen
Ghazaouet,Ghazaouet,Tlemcen
Souahlia,Ghazaouet,Tlemcen
Tianet,Ghazaouet,Tlemcen
Beni Smiel,Ouled Mimoun,Tlemcen
Oued Lakhdar,Ouled Mimoun,Tlemcen
Ouled Mimoun,Ouled Mimoun,Tlemcen
Beni Bahdel,Beni Snous,Tlemcen
Beni Snous,Beni Snous,Tlemcen
Azail,Beni Snous,Tlemcen
Djebala,Nedroma,Tlemcen
Mahdia,Mahdia,Tiaret
Ain Dzarit,Mahdia,Tiaret
Sebaine,Mahdia,Tiaret
Faidja,Sougueur,Tiaret
Si Abdelghani,Sougueur,Tiaret
Sougueur,Sougueur,Tiaret
Tousnina,Sougueur,Tiaret
Meghila,Meghila,Tiaret
Sebt,Meghila,Tiaret
Sidi Hosni,Meghila,Tiaret
Ain El Hadid,Frenda,Tiaret
Frenda,Frenda,Tiaret
Takhemaret,Frenda,Tiaret
Ain Kermes,Ain Kermes,Tiaret
Djebilet Rosfa,Ain Kermes,Tiaret
Madna,Ain Kermes,Tiaret
Medrissa,Ain Kermes,Tiaret
Sidi Abderrahmane,Ain Kermes,Tiaret
Ksar Chellala,Ksar Chellala,Tiaret
Guertoufa,Rahouia,Tiaret
Serghine,Ksar Chellala,Tiaret
Zmalet El Emir Abdelkade,Ksar Chellala,Tiaret
Oued Lilli,Oued Lili,Tiaret
Sidi Ali Mellal,Oued Lili,Tiaret
Djillali Ben Amar,Mechraa Sfa,Tiaret
Mechraa Safa,Mechraa Sfa,Tiaret
Tagdempt,Mechraa Sfa,Tiaret
Bougara,Hamadia,Tiaret
Hamadia,Hamadia,Tiaret
Rechaiga,Hamadia,Tiaret
Tidda,Oued Lili,Tiaret
Nadorah,Mahdia,Tiaret
Tiaret,Tiaret,Tiaret
Medroussa,Medroussa,Tiaret
Mellakou,Medroussa,Tiaret
Sidi Bakhti,Medroussa,Tiaret
Ain Deheb,Ain Deheb,Tiaret
Chehaima,Ain Deheb,Tiaret
Naima,Ain Deheb,Tiaret
Ain Bouchekif,Dahmouni,Tiaret
Dahmouni,Dahmouni,Tiaret
Rahouia,Rahouia,Tiaret
Mizrana,Tigzirt,Tizi Ouzou
Idjeur,Bouzeguene,Tizi Ouzou
Beni-Douala,Beni Douala,Tizi Ouzou
Beni-Zikki,Bouzeguene,Tizi Ouzou
Illoula Oumalou,Bouzeguene,Tizi Ouzou
Agouni-Gueghrane,Ouadhias,Tizi Ouzou
Ait Bouaddou,Ouadhias,Tizi Ouzou
Ouadhias,Ouadhias,Tizi Ouzou
Tizi N'tleta,Ouadhias,Tizi Ouzou
Aghribs,Azeffoun,Tizi Ouzou
Ait-Chafaa,Azeffoun,Tizi Ouzou
Akerrou,Azeffoun,Tizi Ouzou
Azeffoun,Azeffoun,Tizi Ouzou
Iflissen,Tigzirt,Tizi Ouzou
Tigzirt,Tigzirt,Tizi Ouzou
Assi-Youcef,Boghni,Tizi Ouzou
Boghni,Boghni,Tizi Ouzou
Bounouh,Boghni,Tizi Ouzou
Mechtras,Boghni,Tizi Ouzou
Draa-Ben-Khedda,Draa Ben Khedda,Tizi Ouzou
Sidi Namane,Draa Ben Khedda,Tizi Ouzou
Tadmait,Draa Ben Khedda,Tizi Ouzou
Tirmitine,Draa Ben Khedda,Tizi Ouzou
Ait Boumahdi,Ouacif,Tizi Ouzou
Ait-Toudert,Ouacif,Tizi Ouzou
Beni-Aissi,Beni Douala,Tizi Ouzou
Ouacif,Ouacif,Tizi Ouzou
Ait Khellili,Mekla,Tizi Ouzou
Mekla,Mekla,Tizi Ouzou
Souama,Mekla,Tizi Ouzou
Beni-Yenni,Benni Yenni,Tizi Ouzou
Iboudrarene,Benni Yenni,Tizi Ouzou
Tizi-Ouzou,Tizi Ouzou,Tizi Ouzou
Abi-Youcef,Ain El Hammam,Tizi Ouzou
Ain-El-Hammam,Ain El Hammam,Tizi Ouzou
Ait-Yahia,Ain El Hammam,Tizi Ouzou
Akbil,Ain El Hammam,Tizi Ouzou
Boudjima,Makouda,Tizi Ouzou
Makouda,Makouda,Tizi Ouzou
Ain-Zaouia,Draa El Mizan,Tizi Ouzou
Ait Yahia Moussa,Draa El Mizan,Tizi Ouzou
Draa-El-Mizan,Draa El Mizan,Tizi Ouzou
Frikat,Draa El Mizan,Tizi Ouzou
M'kira,Tizi-Ghenif,Tizi Ouzou
Tizi-Gheniff,Tizi-Ghenif,Tizi Ouzou
Yatafene,Benni Yenni,Tizi Ouzou
Illilten,Iferhounene,Tizi Ouzou
Imsouhal,Iferhounene,Tizi Ouzou
Azazga,Azazga,Tizi Ouzou
Freha,Azazga,Tizi Ouzou
Ifigha,Azazga,Tizi Ouzou
Yakourene,Azazga,Tizi Ouzou
Zekri,Azazga,Tizi Ouzou
Ait Aggouacha,Larbaa Nath Iraten,Tizi Ouzou
Irdjen,Larbaa Nath Iraten,Tizi Ouzou
Larbaa Nath Irathen,Larbaa Nath Iraten,Tizi Ouzou
Ait-Oumalou,Tizi Rached,Tizi Ouzou
Tizi-Rached,Tizi Rached,Tizi Ouzou
Ait-Aissa-Mimoun,Ouaguenoun,Tizi Ouzou
Ouaguenoun,Ouaguenoun,Tizi Ouzou
Timizart,Ouaguenoun,Tizi Ouzou
Maatkas,Maatkas,Tizi Ouzou
Souk-El-Tenine,Maatkas,Tizi Ouzou
Ait-Mahmoud,Beni Douala,Tizi Ouzou
Beni Zmenzer,Beni Douala,Tizi Ouzou
Iferhounene,Iferhounene,Tizi Ouzou
Bouzeguene,Bouzeguene,Tizi Ouzou
Hussein Dey,Hussein Dey,Alger
Les Eucalyptus,Baraki,Alger
Sidi Moussa,Baraki,Alger
Kouba,Hussein Dey,Alger
Mohamed Belouzdad,Hussein Dey,Alger
Ain Taya,Dar El Beida,Alger
Bab Ezzouar,Dar El Beida,Alger
Bordj El Kiffan,Dar El Beida,Alger
Dar El Beida,Dar El Beida,Alger
El Marsa,Dar El Beida,Alger
Mohammadia,Dar El Beida,Alger
Bir Touta,Birtouta,Alger
Ouled Chebel,Birtouta,Alger
Tessala El Merdja,Birtouta,Alger
Herraoua,Rouiba,Alger
Reghaia,Rouiba,Alger
Rouiba,Rouiba,Alger
Maalma,Zeralda,Alger
Rahmania,Zeralda,Alger
Souidania,Zeralda,Alger
Staoueli,Zeralda,Alger
Zeralda,Zeralda,Alger
Baba Hassen,Draria,Alger
Douira,Draria,Alger
Draria,Draria,Alger
El Achour,Draria,Alger
Khraissia,Draria,Alger
Ain Benian,Cheraga,Alger
Cheraga,Cheraga,Alger
Dely Ibrahim,Cheraga,Alger
Hammamet,Cheraga,Alger
Ouled Fayet,Cheraga,Alger
Alger Centre,Sidi M'hamed,Alger
El Madania,Sidi M'hamed,Alger
El Mouradia,Sidi M'hamed,Alger
Sidi M'hamed,Sidi M'hamed,Alger
Sehaoula,Bir Mourad Rais,Alger
Bologhine Ibnou Ziri,Bab El Oued,Alger
Casbah,Bab El Oued,Alger
Oued Koriche,Bab El Oued,Alger
Rais Hamidou,Bab El Oued,Alger
Bir Mourad Rais,Bir Mourad Rais,Alger
Birkhadem,Bir Mourad Rais,Alger
Djasr Kasentina,Bir Mourad Rais,Alger
Hydra,Bir Mourad Rais,Alger
El Magharia,Hussein Dey,Alger
Ben Aknoun,Bouzareah,Alger
Beni Messous,Bouzareah,Alger
Bouzareah,Bouzareah,Alger
El Biar,Bouzareah,Alger
Bachedjerah,El Harrach,Alger
Bourouba,El Harrach,Alger
El Harrach,El Harrach,Alger
Oued Smar,El Harrach,Alger
Baraki,Baraki,Alger
Bordj El Bahri,Dar El Beida,Alger
Bab El Oued,Bab El Oued,Alger
Hassi El Euch,Hassi Bahbah,Djelfa
Ain El Ibel,Ain El Ibel,Djelfa
El Guedid,Charef,Djelfa
Charef,Charef,Djelfa
Benyagoub,Charef,Djelfa
Sidi Baizid,Dar Chioukh,Djelfa
M'liliha,Dar Chioukh,Djelfa
Dar Chioukh,Dar Chioukh,Djelfa
Taadmit,Ain El Ibel,Djelfa
Had Sahary,Had Sahary,Djelfa
Bouira Lahdab,Had Sahary,Djelfa
Ain Fekka,Had Sahary,Djelfa
Sidi Laadjel,Sidi Laadjel,Djelfa
Hassi Fedoul,Sidi Laadjel,Djelfa
El Khemis,Sidi Laadjel,Djelfa
Selmana,Messaad,Djelfa
Sed Rahal,Messaad,Djelfa
Messaad,Messaad,Djelfa
Guettara,Messaad,Djelfa
Deldoul,Messaad,Djelfa
Zaccar,Ain El Ibel,Djelfa
Douis,El Idrissia,Djelfa
El Idrissia,El Idrissia,Djelfa
Ain Chouhada,El Idrissia,Djelfa
Djelfa,Djelfa,Djelfa
Birine,Birine,Djelfa
Oum Laadham,Faidh El Botma,Djelfa
Faidh El Botma,Faidh El Botma,Djelfa
Amourah,Faidh El Botma,Djelfa
Zaafrane,Hassi Bahbah,Djelfa
Guernini,Ain Oussera,Djelfa
Ain Oussera,Ain Oussera,Djelfa
Benhar,Birine,Djelfa
Ain Maabed,Hassi Bahbah,Djelfa
Hassi Bahbah,Hassi Bahbah,Djelfa
Moudjebara,Ain El Ibel,Djelfa
Jijel,Jijel,Jijel
El Aouana,El Aouana,Jijel
Selma Benziada,El Aouana,Jijel
Erraguene Souissi,Ziamah Mansouriah,Jijel
Boussif Ouled Askeur,Taher,Jijel
Ziama Mansouriah,Ziamah Mansouriah,Jijel
Chahna,Taher,Jijel
Emir Abdelkader,Taher,Jijel
Oudjana,Taher,Jijel
Taher,Taher,Jijel
Chekfa,Chekfa,Jijel
El Kennar Nouchfi,Chekfa,Jijel
Sidi Abdelaziz,Chekfa,Jijel
El Milia,El Milia,Jijel
Ouled Yahia Khadrouch,El Milia,Jijel
Ouled Rabah,Sidi Marouf,Jijel
Sidi Marouf,Sidi Marouf,Jijel
Ghebala,Settara,Jijel
Settara,Settara,Jijel
Bouraoui Belhadef,El Ancer,Jijel
El Ancer,El Ancer,Jijel
Khiri Oued Adjoul,El Ancer,Jijel
Djimla,Djimla,Jijel
Kaous,Texenna,Jijel
Texenna,Texenna,Jijel
Bordj T'har,Chekfa,Jijel
Boudria Beniyadjis,Djimla,Jijel
Djemaa Beni Habibi,El Ancer,Jijel
Rosfa,Salah Bey,Sétif
Oued El Bared,Amoucha,Sétif
Tizi N'bechar,Amoucha,Sétif
Mezloug,Ain Arnat,Sétif
Guellal,Ain Oulmene,Sétif
Kasr El Abtal,Ain Oulmene,Sétif
Ouled Si Ahmed,Ain Oulmene,Sétif
Ait Naoual Mezada,Bouandas,Sétif
Ait-Tizi,Bouandas,Sétif
Bouandas,Bouandas,Sétif
Bousselam,Bouandas,Sétif
Hamam Soukhna,Hammam Sokhna,Sétif
Taya,Hammam Sokhna,Sétif
Tella,Hammam Sokhna,Sétif
Ain Oulmene,Ain Oulmene,Sétif
Boutaleb,Salah Bey,Sétif
Hamma,Salah Bey,Sétif
Ouled Tebben,Salah Bey,Sétif
Amoucha,Amoucha,Sétif
Salah Bey,Salah Bey,Sétif
Ain Azel,Ain Azel,Sétif
Ain Lahdjar,Ain Azel,Sétif
Beidha Bordj,Ain Azel,Sétif
Bir Haddada,Ain Azel,Sétif
Guenzet,Guenzet,Sétif
Harbil,Guenzet,Sétif
Ain-Roua,Bougaa,Sétif
Beni Oussine,Bougaa,Sétif
El Ouricia,Ain Arnat,Sétif
Bougaa,Bougaa,Sétif
Draa-Kebila,Hammam Guergour,Sétif
Hammam Guergour,Hammam Guergour,Sétif
Setif,Setif,Sétif
Ain El Kebira,Ain El Kebira,Sétif
Dehamcha,Ain El Kebira,Sétif
Ouled Addouane,Ain El Kebira,Sétif
Ain-Sebt,Beni Aziz,Sétif
Beni-Aziz,Beni Aziz,Sétif
Maaouia,Beni Aziz,Sétif
Bellaa,Bir El Arch,Sétif
Bir-El-Arch,Bir El Arch,Sétif
El-Ouldja,Bir El Arch,Sétif
Tachouda,Bir El Arch,Sétif
Tala-Ifacene,Maoklane,Sétif
Serdj-El-Ghoul,Babor,Sétif
Guidjel,Guidjel,Sétif
Ouled Sabor,Guidjel,Sétif
Bazer-Sakra,El Eulma,Sétif
El Eulma,El Eulma,Sétif
Guelta Zerka,El Eulma,Sétif
Beni Fouda,Djemila,Sétif
Djemila,Djemila,Sétif
Ain-Legradj,Beni Ourtilane,Sétif
Beni Chebana,Beni Ourtilane,Sétif
Beni Ourtilane,Beni Ourtilane,Sétif
Beni-Mouhli,Beni Ourtilane,Sétif
Ain Abessa,Ain Arnat,Sétif
Ain Arnat,Ain Arnat,Sétif
Babor,Babor,Sétif
Maouaklane,Maoklane,Sétif
Saida,Saida,Saïda
Tircine,Ouled Brahim,Saïda
Ouled Brahim,Ouled Brahim,Saïda
Ain Soltane,Ouled Brahim,Saïda
Maamora,El Hassasna,Saïda
El Hassasna,El Hassasna,Saïda
Ain Sekhouna,El Hassasna,Saïda
Sidi Boubekeur,Sidi Boubekeur,Saïda
Ouled Khaled,Sidi Boubekeur,Saïda
Hounet,Sidi Boubekeur,Saïda
Youb,Youb,Saïda
Doui Thabet,Youb,Saïda
Sidi Ahmed,Ain El Hadjar,Saïda
Moulay Larbi,Ain El Hadjar,Saïda
Ain El Hadjar,Ain El Hadjar,Saïda
Sidi Amar,Sidi Boubekeur,Saïda
Ain Bouziane,Sidi Mezghiche,Skikda
Salah Bouchaour,El Harrouch,Skikda
El Hadaiek,El Hadaiek,Skikda
Zerdezas,El Harrouch,Skikda
Ouled Habbaba,El Harrouch,Skikda
Beni Oulbane,Sidi Mezghiche,Skikda
Sidi Mezghiche,Sidi Mezghiche,Skikda
Beni Bechir,Ramdane Djamel,Skikda
Ramdane Djamel,Ramdane Djamel,Skikda
Bin El Ouiden,Tamalous,Skikda
Emjez Edchich,El Harrouch,Skikda
Tamalous,Tamalous,Skikda
Ain Kechra,Ain Kechra,Skikda
Ouldja Boulbalout,Ain Kechra,Skikda
Oum Toub,Oum Toub,Skikda
El Ghedir,Azzaba,Skikda
Kerkara,Tamalous,Skikda
El Arrouch,El Harrouch,Skikda
Zitouna,Zitouna,Skikda
Ouled Attia,Ouled Attia,Skikda
Oued Zhour,Ouled Attia,Skikda
Collo,Collo,Skikda
Cheraia,Collo,Skikda
Beni Zid,Collo,Skikda
Khenag Maoune,Ouled Attia,Skikda
El Marsa,Ben Azzouz,Skikda
Ben Azzouz,Ben Azzouz,Skikda
Bekkouche Lakhdar,Ben Azzouz,Skikda
Es Sebt,Azzaba,Skikda
Ain Charchar,Azzaba,Skikda
Azzaba,Azzaba,Skikda
Bouchetata,El Hadaiek,Skikda
Filfila,Skikda,Skikda
Hammadi Krouma,Skikda,Skikda
Skikda,Skikda,Skikda
Ain Zouit,El Hadaiek,Skikda
Djendel Saadi Mohamed,Azzaba,Skikda
Kanoua,Zitouna,Skikda
Sidi Ali Benyoub,Sidi Ali Ben Youb,Sidi Bel Abbès
Moulay Slissen,Moulay Slissen,Sidi Bel Abbès
El Hacaiba,Moulay Slissen,Sidi Bel Abbès
Ain Tindamine,Moulay Slissen,Sidi Bel Abbès
Tenira,Tenira,Sidi Bel Abbès
Oued Sefioun,Tenira,Sidi Bel Abbès
Hassi Dahou,Tenira,Sidi Bel Abbès
Oued Taourira,Merine,Sidi Bel Abbès
Benachiba Chelia,Tenira,Sidi Bel Abbès
Sidi Yacoub,Sidi Lahcene,Sidi Bel Abbès
Sidi Lahcene,Sidi Lahcene,Sidi Bel Abbès
Sidi Khaled,Sidi Lahcene,Sidi Bel Abbès
Tabia,Sidi Ali Ben Youb,Sidi Bel Abbès
Sidi Brahim,Ain El Berd,Sidi Bel Abbès
Amarnas,Sidi Lahcene,Sidi Bel Abbès
Boukhanefis,Sidi Ali Ben Youb,Sidi Bel Abbès
Hassi Zahana,Ben Badis,Sidi Bel Abbès
Chetouane Belaila,Ben Badis,Sidi Bel Abbès
Ben Badis,Ben Badis,Sidi Bel Abbès
Bedrabine El Mokrani,Ben Badis,Sidi Bel Abbès
Sfisef,Sfisef,Sidi Bel Abbès
M'cid,Sfisef,Sidi Bel Abbès
Boudjebaa El Bordj,Sfisef,Sidi Bel Abbès
Ain- Adden,Sfisef,Sidi Bel Abbès
Sidi Hamadouche,Ain El Berd,Sidi Bel Abbès
Sidi Chaib,Marhoum,Sidi Bel Abbès
Makedra,Ain El Berd,Sidi Bel Abbès
Ain El Berd,Ain El Berd,Sidi Bel Abbès
Redjem Demouche,Ras El Ma,Sidi Bel Abbès
Ras El Ma,Ras El Ma,Sidi Bel Abbès
Oued Sebaa,Ras El Ma,Sidi Bel Abbès
Marhoum,Marhoum,Sidi Bel Abbès
Sidi Bel-Abbes,Sidi Bel Abbes,Sidi Bel Abbès
Ain Thrid,Tessala,Sidi Bel Abbès
Sehala Thaoura,Tessala,Sidi Bel Abbès
Tessala,Tessala,Sidi Bel Abbès
Belarbi,Mostefa  Ben Brahim,Sidi Bel Abbès
Mostefa  Ben Brahim,Mostefa  Ben Brahim,Sidi Bel Abbès
Tilmouni,Mostefa  Ben Brahim,Sidi Bel Abbès
Zerouala,Mostefa  Ben Brahim,Sidi Bel Abbès
Dhaya,Telagh,Sidi Bel Abbès
Mezaourou,Telagh,Sidi Bel Abbès
Teghalimet,Telagh,Sidi Bel Abbès
Telagh,Telagh,Sidi Bel Abbès
Ain Kada,Sidi Ali Boussidi,Sidi Bel Abbès
Lamtar,Sidi Ali Boussidi,Sidi Bel Abbès
Sidi Ali Boussidi,Sidi Ali Boussidi,Sidi Bel Abbès
Sidi Dahou Zairs,Sidi Ali Boussidi,Sidi Bel Abbès
Bir El Hammam,Marhoum,Sidi Bel Abbès
Merine,Merine,Sidi Bel Abbès
Tefessour,Merine,Sidi Bel Abbès
Taoudmout,Merine,Sidi Bel Abbès
Annaba,Annaba,Annaba
Seraidi,Annaba,Annaba
Berrahal,Berrahal,Annaba
Oued El Aneb,Berrahal,Annaba
El Hadjar,El Hadjar,Annaba
Sidi Amar,El Hadjar,Annaba
El Bouni,El Bouni,Annaba
Ain El Berda,Ain El Berda,Annaba
Cheurfa,Ain El Berda,Annaba
El Eulma,Ain El Berda,Annaba
Treat,Berrahal,Annaba
Chetaibi,Chetaibi,Annaba
Nechmaya,Guelaat Bousbaa,Guelma
Bou Hamdane,Hammam Debagh,Guelma
Hammam Debagh,Hammam Debagh,Guelma
Roknia,Hammam Debagh,Guelma
Dahouara,Hammam N'bails,Guelma
Hammam N'bail,Hammam N'bails,Guelma
Guelma,Guelma,Guelma
Boumahra Ahmed,Guelaat Bousbaa,Guelma
Ain Ben Beida,Bouchegouf,Guelma
Bouchegouf,Bouchegouf,Guelma
Medjez Sfa,Bouchegouf,Guelma
Oued Ferragha,Bouchegouf,Guelma
Bouati Mahmoud,Heliopolis,Guelma
El Fedjoudj,Heliopolis,Guelma
Heliopolis,Heliopolis,Guelma
Medjez Amar,Ain Hessainia,Guelma
Houari Boumedienne,Ain Hessainia,Guelma
Ras El Agba,Ain Hessainia,Guelma
Sellaoua Announa,Ain Hessainia,Guelma
Djeballah Khemissi,Guelaat Bousbaa,Guelma
Bordj Sabath,Oued Zenati,Guelma
Oued Zenati,Oued Zenati,Guelma
Ain Regada,Oued Zenati,Guelma
Ain Larbi,Ain Makhlouf,Guelma
Ain Makhlouf,Ain Makhlouf,Guelma
Tamlouka,Ain Makhlouf,Guelma
Ain Sandel,Khezaras,Guelma
Bou Hachana,Khezaras,Guelma
Khezaras,Khezaras,Guelma
Belkheir,Guelaat Bousbaa,Guelma
Beni Mezline,Guelaat Bousbaa,Guelma
Guelaat Bou Sbaa,Guelaat Bousbaa,Guelma
Oued Cheham,Hammam N'bails,Guelma
Bendjarah,Guelma,Guelma
Didouche Mourad,Hamma Bouziane,Constantine
Hamma Bouziane,Hamma Bouziane,Constantine
Beni Hamidane,Zighoud Youcef,Constantine
Zighoud Youcef,Zighoud Youcef,Constantine
Ain Smara,El Khroub,Constantine
El Khroub,El Khroub,Constantine
Ouled Rahmoun,El Khroub,Constantine
Ain Abid,Ain Abid,Constantine
Ben Badis,Ain Abid,Constantine
Ibn Ziad,Ibn Ziad,Constantine
Messaoud Boudjeriou,Ibn Ziad,Constantine
Constantine,Constantine,Constantine
Ouled Hellal,Ouled Antar,Médéa
Souagui,Souaghi,Médéa
Ksar El Boukhari,Ksar El Boukhari,Médéa
M'fatha,Ksar El Boukhari,Médéa
Saneg,Ksar El Boukhari,Médéa
El Azizia,El Azizia,Médéa
Maghraoua,El Azizia,Médéa
Mihoub,El Azizia,Médéa
Bouaiche,Chahbounia,Médéa
Boughzoul,Chahbounia,Médéa
Chabounia,Chahbounia,Médéa
Hannacha,Ouamri,Médéa
Ouamri,Ouamri,Médéa
Oued Harbil,Ouamri,Médéa
Beni Slimane,Beni Slimane,Médéa
Bouaichoune,Si Mahdjoub,Médéa
Ouled Bouachra,Si Mahdjoub,Médéa
Si Mahdjoub,Si Mahdjoub,Médéa
Bouskene,Beni Slimane,Médéa
Sidi Rabie,Beni Slimane,Médéa
Berrouaghia,Berrouaghia,Médéa
Ouled Deid,Berrouaghia,Médéa
Rebaia,Berrouaghia,Médéa
Medjebar,Seghouane,Médéa
Tletat Ed Douair,Seghouane,Médéa
Zoubiria,Seghouane,Médéa
Aissaouia,Tablat,Médéa
El Haoudane,Tablat,Médéa
Mezerana,Tablat,Médéa
Tablat,Tablat,Médéa
Boghar,Ouled Antar,Médéa
Seghouane,Seghouane,Médéa
Draa Esmar,Medea,Médéa
Medea,Medea,Médéa
Tamesguida,Medea,Médéa
Ben Chicao,Ouzera,Médéa
El Hamdania,Ouzera,Médéa
Ouzera,Ouzera,Médéa
Tizi Mahdi,Ouzera,Médéa
Ain Boucif,Ain Boucif,Médéa
El Ouinet,Ain Boucif,Médéa
Kef Lakhdar,Ain Boucif,Médéa
Ouled Emaaraf,Ain Boucif,Médéa
Sidi Demed,Ain Boucif,Médéa
Baata,El Omaria,Médéa
El Omaria,El Omaria,Médéa
Ouled Brahim,El Omaria,Médéa
Bir Ben Laabed,Guelb El Kebir,Médéa
El Guelbelkebir,Guelb El Kebir,Médéa
Sedraya,Guelb El Kebir,Médéa
Ain Ouksir,Chellalat El Adhaoura,Médéa
Chelalet El Adhaoura,Chellalat El Adhaoura,Médéa
Cheniguel,Chellalat El Adhaoura,Médéa
Tafraout,Chellalat El Adhaoura,Médéa
Bouchrahil,Sidi Naamane,Médéa
Khams Djouamaa,Sidi Naamane,Médéa
Sidi Naamane,Sidi Naamane,Médéa
Aziz,Aziz,Médéa
Derrag,Aziz,Médéa
Oum El Djellil,Aziz,Médéa
Djouab,Souaghi,Médéa
Sidi Zahar,Souaghi,Médéa
Sidi Ziane,Souaghi,Médéa
Ouled Antar,Ouled Antar,Médéa
Fornaka,Ain Nouicy,Mostaganem
Oued El Kheir,Ain Tedeles,Mostaganem
Hassiane,Ain Nouicy,Mostaganem
Hassi Mameche,Hassi Mameche,Mostaganem
Mazagran,Hassi Mameche,Mostaganem
Stidia,Hassi Mameche,Mostaganem
Ain-Tedles,Ain Tedeles,Mostaganem
Sidi Belaattar,Ain Tedeles,Mostaganem
Sour,Ain Tedeles,Mostaganem
Ain-Boudinar,Kheir Eddine,Mostaganem
Kheir-Eddine,Kheir Eddine,Mostaganem
Sayada,Kheir Eddine,Mostaganem
Sidi Ali,Sidi Ali,Mostaganem
Tazgait,Sidi Ali,Mostaganem
Benabdelmalek Ramdane,Sidi Lakhdar,Mostaganem
Mostaganem,Mostaganem,Mostaganem
Hadjadj,Sidi Lakhdar,Mostaganem
Sidi-Lakhdar,Sidi Lakhdar,Mostaganem
Achaacha,Achaacha,Mostaganem
Khadra,Achaacha,Mostaganem
Nekmaria,Achaacha,Mostaganem
Ouled Boughalem,Achaacha,Mostaganem
Bouguirat,Bouguirat,Mostaganem
Safsaf,Bouguirat,Mostaganem
Sirat,Bouguirat,Mostaganem
Souaflia,Bouguirat,Mostaganem
Ain-Sidi Cherif,Mesra,Mostaganem
Mansourah,Mesra,Mostaganem
Mesra,Mesra,Mostaganem
Touahria,Mesra,Mostaganem
Ain-Nouissy,Ain Nouicy,Mostaganem
Ouled-Maalah,Sidi Ali,Mostaganem
Chellal,Chellal,M'Sila
Ouled Madhi,Chellal,M'Sila
Khettouti Sed-El-Jir,Chellal,M'Sila
Belaiba,Magra,M'Sila
Berhoum,Magra,M'Sila
Dehahna,Magra,M'Sila
Magra,Magra,M'Sila
Beni Ilmane,Sidi Aissa,M'Sila
Bouti Sayeh,Sidi Aissa,M'Sila
Sidi Aissa,Sidi Aissa,M'Sila
Ain El Hadjel,Ain El Hadjel,M'Sila
Sidi Hadjeres,Ain El Hadjel,M'Sila
Bou Saada,Bousaada,M'Sila
El Hamel,Bousaada,M'Sila
Oulteme,Bousaada,M'Sila
Benzouh,Ouled Sidi Brahim,M'Sila
Ouled Sidi Brahim,Ouled Sidi Brahim,M'Sila
Sidi Ameur,Sidi Ameur,M'Sila
Tamsa,Sidi Ameur,M'Sila
Ben Srour,Ben Srour,M'Sila
Mohamed Boudiaf,Ben Srour,M'Sila
Ouled Slimane,Ben Srour,M'Sila
Zarzour,Ben Srour,M'Sila
Ain El Melh,Ain El Melh,M'Sila
Ain Fares,Ain El Melh,M'Sila
Ain Rich,Ain El Melh,M'Sila
Bir Foda,Ain El Melh,M'Sila
Sidi M'hamed,Ain El Melh,M'Sila
Medjedel,Medjedel,M'Sila
Menaa,Medjedel,M'Sila
Djebel Messaad,Djebel Messaad,M'Sila
Slim,Djebel Messaad,M'Sila
M'sila,M'sila,M'Sila
Hammam Dalaa,Hammam Dalaa,M'Sila
Ouanougha,Hammam Dalaa,M'Sila
Ouled Mansour,Hammam Dalaa,M'Sila
Tarmount,Hammam Dalaa,M'Sila
Maadid,Ouled Derradj,M'Sila
M'tarfa,Ouled Derradj,M'Sila
Maarif,Chellal,M'Sila
Ouled Derradj,Ouled Derradj,M'Sila
Souamaa,Ouled Derradj,M'Sila
El Houamed,Khoubana,M'Sila
Khoubana,Khoubana,M'Sila
M'cif,Khoubana,M'Sila
Ain Khadra,Magra,M'Sila
Ouled Addi Guebala,Ouled Derradj,M'Sila
Oued El Abtal,Oued El Abtal,Mascara
Sidi Abdelmoumene,Mohammadia,Mascara
Sedjerara,Mohammadia,Mascara
Mohammadia,Mohammadia,Mascara
Tighennif,Tighennif,Mascara
Mocta-Douz,Mohammadia,Mascara
Ferraguig,Mohammadia,Mascara
El Ghomri,Mohammadia,Mascara
Zahana,Zahana,Mascara
El Gaada,Zahana,Mascara
Ras El Ain Amirouche,Oggaz,Mascara
Oggaz,Oggaz,Mascara
Alaimia,Oggaz,Mascara
Sig,Sig,Mascara
Chorfa,Sig,Mascara
Bou Henni,Sig,Mascara
El Mamounia,Ain Fares,Mascara
El Gueitena,Bouhanifia,Mascara
Ain Fares,Ain Fares,Mascara
Gharrous,Aouf,Mascara
Benian,Aouf,Mascara
Aouf,Aouf,Mascara
Guerdjoum,Oued Taria,Mascara
Ain Frass,Ain Fekan,Mascara
Ain Fekan,Ain Fekan,Mascara
Khalouia,El Bordj,Mascara
El Menaouer,El Bordj,Mascara
El Bordj,El Bordj,Mascara
Sidi Boussaid,Ghriss,Mascara
Matemore,Ghriss,Mascara
Sidi Kada,Tighennif,Mascara
Makhda,Ghriss,Mascara
Mascara,Mascara,Mascara
Bouhanifia,Bouhanifia,Mascara
Ghriss,Ghriss,Mascara
Hacine,Bouhanifia,Mascara
El Keurt,Tizi,Mascara
Froha,Tizi,Mascara
Tizi,Tizi,Mascara
Sehailia,Tighennif,Mascara
Maoussa,Ghriss,Mascara
Sidi Abdeldjebar,Oued El Abtal,Mascara
El Hachem,Hachem,Mascara
Nesmot,Hachem,Mascara
Zelamta,Hachem,Mascara
Ain Ferah,Oued El Abtal,Mascara
Oued Taria,Oued Taria,Mascara
Ouargla,Ouargla,Ouargla
Hassi Messaoud,Hassi Messaoud,Ouargla
Ain Beida,Sidi Khouiled,Ouargla
Hassi Ben Abdellah,Sidi Khouiled,Ouargla
Sidi Khouiled,Sidi Khouiled,Ouargla
El Borma,El Borma,Ouargla
Rouissat,Ouargla,Ouargla
N'goussa,N'goussa,Ouargla
Sidi Chami,Es Senia,Oran
Hassi Mefsoukh,Gdyel,Oran
Bir El Djir,Bir El Djir,Oran
Hassi Ben Okba,Bir El Djir,Oran
Gdyel,Gdyel,Oran
Hassi Bounif,Bir El Djir,Oran
El Kerma,Es Senia,Oran
Es Senia,Es Senia,Oran
Ben Freha,Gdyel,Oran
Arzew,Arzew,Oran
Sidi Ben Yebka,Arzew,Oran
Ain Biya,Bethioua,Oran
Bethioua,Bethioua,Oran
Marsat El Hadjadj,Bethioua,Oran
Ain Turk,Ain Turk,Oran
Oran,Oran,Oran
El Ancor,Ain Turk,Oran
Mers El Kebir,Ain Turk,Oran
Boufatis,Oued Tlelat,Oran
El Braya,Oued Tlelat,Oran
Oued Tlelat,Oued Tlelat,Oran
Ain Kerma,Boutlelis,Oran
Boutlelis,Boutlelis,Oran
Messerghin,Boutlelis,Oran
Bousfer,Ain Turk,Oran
Tafraoui,Oued Tlelat,Oran
Ain El Orak,Labiodh Sidi Cheikh,El Bayadh
Krakda,Brezina,El Bayadh
Sidi Slimane,Boualem,El Bayadh
Sidi Ameur,Boualem,El Bayadh
Boualem,Boualem,El Bayadh
El Bnoud,Labiodh Sidi Cheikh,El Bayadh
Bougtoub,Bougtoub,El Bayadh
El Kheiter,Bougtoub,El Bayadh
Tousmouline,Bougtoub,El Bayadh
Sidi Tiffour,Boualem,El Bayadh
Stitten,Boualem,El Bayadh
El Bayadh,El Bayadh,El Bayadh
Rogassa,Rogassa,El Bayadh
El Mehara,Chellala,El Bayadh
Kef El Ahmar,Rogassa,El Bayadh
Brezina,Brezina,El Bayadh
Ghassoul,Brezina,El Bayadh
Labiodh Sidi Cheikh,Labiodh Sidi Cheikh,El Bayadh
Boussemghoun,Boussemghoun,El Bayadh
Cheguig,Rogassa,El Bayadh
Chellala,Chellala,El Bayadh
Arbaouat,Labiodh Sidi Cheikh,El Bayadh
Bordj Omar Driss,In Amenas,Illizi
Debdeb,In Amenas,Illizi
In Amenas,In Amenas,Illizi
Illizi,Illizi,Illizi
Elhammadia,El Hamadia,Bordj Bou Arreridj
Ouled Sidi-Brahim,Mansourah,Bordj Bou Arreridj
Ain Taghrout,Ain Taghrout,Bordj Bou Arreridj
Tixter,Ain Taghrout,Bordj Bou Arreridj
Belimour,Bordj Ghedir,Bordj Bou Arreridj
El Annasseur,Bordj Ghedir,Bordj Bou Arreridj
Ghailasa,Bordj Ghedir,Bordj Bou Arreridj
Taglait,Bordj Ghedir,Bordj Bou Arreridj
Bordj Ghedir,Bordj Ghedir,Bordj Bou Arreridj
El Euch,El Hamadia,Bordj Bou Arreridj
Sidi-Embarek,Bir Kasdali,Bordj Bou Arreridj
Khelil,Bir Kasdali,Bordj Bou Arreridj
Bir Kasdali,Bir Kasdali,Bordj Bou Arreridj
Tefreg,Djaafra,Bordj Bou Arreridj
El Main,Djaafra,Bordj Bou Arreridj
Djaafra,Djaafra,Bordj Bou Arreridj
Colla,Djaafra,Bordj Bou Arreridj
Teniet En Nasr,Medjana,Bordj Bou Arreridj
El M'hir,Mansourah,Bordj Bou Arreridj
Ksour,El Hamadia,Bordj Bou Arreridj
Mansoura,Mansourah,Bordj Bou Arreridj
Haraza,Mansourah,Bordj Bou Arreridj
Rabta,El Hamadia,Bordj Bou Arreridj
El Achir,Medjana,Bordj Bou Arreridj
Hasnaoua,Medjana,Bordj Bou Arreridj
Medjana,Medjana,Bordj Bou Arreridj
Ain Tesra,Ras El Oued,Bordj Bou Arreridj
Ouled Brahem,Ras El Oued,Bordj Bou Arreridj
Ras El Oued,Ras El Oued,Bordj Bou Arreridj
Bordj Zemmoura,Bordj Zemmoura,Bordj Bou Arreridj
Ouled Dahmane,Bordj Zemmoura,Bordj Bou Arreridj
Tassamert,Bordj Zemmoura,Bordj Bou Arreridj
B. B. Arreridj,Bordj Bou Arreridj,Bordj Bou Arreridj
Ben Daoud,Mansourah,Bordj Bou Arreridj
El Kharrouba,Boudouaou,Boumerdès
Dellys,Dellys,Boumerdès
Ben Choud,Dellys,Boumerdès
Afir,Dellys,Boumerdès
Thenia,Thenia,Boumerdès
Beni Amrane,Thenia,Boumerdès
Khemis El Khechna,Khemis El Khechna,Boumerdès
Ammal,Thenia,Boumerdès
Timezrit,Isser,Boumerdès
Zemmouri,Bordj Menaiel,Boumerdès
Larbatache,Khemis El Khechna,Boumerdès
Isser,Isser,Boumerdès
Chabet El Ameur,Isser,Boumerdès
Ouled Aissa,Naciria,Boumerdès
Naciria,Naciria,Boumerdès
Bouzegza Keddara,Boudouaou,Boumerdès
Souk El Had,Thenia,Boumerdès
Sidi Daoud,Baghlia,Boumerdès
Baghlia,Baghlia,Boumerdès
Leghata,Bordj Menaiel,Boumerdès
Djinet,Bordj Menaiel,Boumerdès
Tidjelabine,Boumerdes,Boumerdès
Si Mustapha,Isser,Boumerdès
Ouled Hedadj,Boudouaou,Boumerdès
Ouled Moussa,Khemis El Khechna,Boumerdès
Boumerdes,Boumerdes,Boumerdès
Corso,Boumerdes,Boumerdès
Bordj Menaiel,Bordj Menaiel,Boumerdès
Boudouaou,Boudouaou,Boumerdès
Boudouaou El Bahri,Boudouaou,Boumerdès
Taourga,Baghlia,Boumerdès
Hammedi,Khemis El Khechna,Boumerdès
Ain El Assel,El Tarf,El Tarf
Bougous,El Tarf,El Tarf
El Tarf,El Tarf,El Tarf
Zitouna,El Tarf,El Tarf
Besbes,Besbes,El Tarf
Ain Kerma,Bouhadjar,El Tarf
Bouhadjar,Bouhadjar,El Tarf
Hammam Beni Salah,Bouhadjar,El Tarf
Oued Zitoun,Bouhadjar,El Tarf
Ben M Hidi,Ben M'hidi,El Tarf
Berrihane,Ben M'hidi,El Tarf
Chebaita Mokhtar,Drean,El Tarf
Echatt,Ben M'hidi,El Tarf
El Aioun,El Kala,El Tarf
El Kala,El Kala,El Tarf
Souarekh,El Kala,El Tarf
Zerizer,Besbes,El Tarf
Bouteldja,Bouteldja,El Tarf
Chefia,Bouteldja,El Tarf
Lac Des Oiseaux,Bouteldja,El Tarf
Chihani,Drean,El Tarf
Raml Souk,El Kala,El Tarf
Asfour,Besbes,El Tarf
Drean,Drean,El Tarf
Tindouf,Tindouf,Tindouf
Oum El Assel,Tindouf,Tindouf
Khemisti,Khemisti,Tissemsilt
Theniet El Had,Theniet El Had,Tissemsilt
Ouled Bessam,Tissemsilt,Tissemsilt
Sidi Boutouchent,Theniet El Had,Tissemsilt
Tissemsilt,Tissemsilt,Tissemsilt
Sidi Lantri,Lardjem,Tissemsilt
Beni Chaib,Bordj Bounaama,Tissemsilt
Beni Lahcene,Bordj Bounaama,Tissemsilt
Sidi Abed,Ammari,Tissemsilt
Sidi Slimane,Bordj Bounaama,Tissemsilt
Boucaid,Lazharia,Tissemsilt
Larbaa,Lazharia,Tissemsilt
Lazharia,Lazharia,Tissemsilt
Lardjem,Lardjem,Tissemsilt
Melaab,Lardjem,Tissemsilt
Layoune,Khemisti,Tissemsilt
Tamellahet,Lardjem,Tissemsilt
Youssoufia,Bordj Emir Abdelkader,Tissemsilt
Bordj El Emir Abdelkader,Bordj Emir Abdelkader,Tissemsilt
Ammari,Ammari,Tissemsilt
Maacem,Ammari,Tissemsilt
Bordj Bounaama,Bordj Bounaama,Tissemsilt
Douar El Maa,Taleb Larbi,El Oued
El Ogla,Robbah,El Oued
Magrane,Magrane,El Oued
Sidi Aoun,Magrane,El Oued
Mih Ouansa,Mih Ouensa,El Oued
Kouinine,El Oued,El Oued
Bayadha,Bayadha,El Oued
Nakhla,Robbah,El Oued
Robbah,Robbah,El Oued
Guemar,Guemar,El Oued
Ben Guecha,Taleb Larbi,El Oued
Ourmes,Guemar,El Oued
Taghzout,Guemar,El Oued
Hamraia,Reguiba,El Oued
Reguiba,Reguiba,El Oued
Debila,Debila,El Oued
Hassani Abdelkrim,Debila,El Oued
Hassi Khalifa,Hassi Khalifa,El Oued
Trifaoui,Hassi Khalifa,El Oued
Taleb Larbi,Taleb Larbi,El Oued
Oued El Alenda,Mih Ouensa,El Oued
El-Oued,El Oued,El Oued
Khirane,Chechar,Khenchela
Babar,Babar,Khenchela
El Mahmal,Ouled Rechache,Khenchela
Ouled Rechache,Ouled Rechache,Khenchela
Djellal,Chechar,Khenchela
Yabous,Bouhmama,Khenchela
Khenchela,Khenchela,Khenchela
Kais,Kais,Khenchela
Chelia,Bouhmama,Khenchela
Remila,Kais,Khenchela
Taouzianat,Kais,Khenchela
Baghai,El Hamma,Khenchela
El Hamma,El Hamma,Khenchela
Ensigha,El Hamma,Khenchela
Tamza,El Hamma,Khenchela
Ain Touila,Ain Touila,Khenchela
M'toussa,Ain Touila,Khenchela
Bouhmama,Bouhmama,Khenchela
El Oueldja,Chechar,Khenchela
M'sara,Bouhmama,Khenchela
Chechar,Chechar,Khenchela
Souk Ahras,Souk Ahras,Souk Ahras
Ain Soltane,Sedrata,Souk Ahras
Sedrata,Sedrata,Souk Ahras
Hanencha,Mechroha,Souk Ahras
Machroha,Mechroha,Souk Ahras
Ain Zana,Ouled Driss,Souk Ahras
Ouled Driss,Ouled Driss,Souk Ahras
Terraguelt,Oum El Adhaim,Souk Ahras
Oum El Adhaim,Oum El Adhaim,Souk Ahras
Oued Kebrit,Oum El Adhaim,Souk Ahras
Tiffech,M'daourouche,Souk Ahras
Ragouba,M'daourouche,Souk Ahras
Drea,Taoura,Souk Ahras
Taoura,Taoura,Souk Ahras
Zaarouria,Taoura,Souk Ahras
Haddada,Haddada,Souk Ahras
Khedara,Haddada,Souk Ahras
Ouled Moumen,Haddada,Souk Ahras
Merahna,Merahna,Souk Ahras
Ouillen,Merahna,Souk Ahras
Sidi Fredj,Merahna,Souk Ahras
Bir Bouhouche,Bir Bouhouche,Souk Ahras
Safel El Ouiden,Bir Bouhouche,Souk Ahras
Khemissa,Sedrata,Souk Ahras
M'daourouche,M'daourouche,Souk Ahras
Zouabi,Bir Bouhouche,Souk Ahras
Hadjout,Hadjout,Tipaza
Merad,Hadjout,Tipaza
Menaceur,Sidi Amar,Tipaza
Aghbal,Gouraya,Tipaza
Nador,Sidi Amar,Tipaza
Sidi-Amar,Sidi Amar,Tipaza
Gouraya,Gouraya,Tipaza
Messelmoun,Gouraya,Tipaza
Cherchell,Cherchell,Tipaza
Hadjret Ennous,Cherchell,Tipaza
Sidi Ghiles,Cherchell,Tipaza
Damous,Damous,Tipaza
Larhat,Damous,Tipaza
Fouka,Fouka,Tipaza
Ain Tagourait,Bou Ismail,Tipaza
Bou Haroun,Bou Ismail,Tipaza
Bou Ismail,Bou Ismail,Tipaza
Khemisti,Bou Ismail,Tipaza
Ahmer El Ain,Ahmar El Ain,Tipaza
Bourkika,Ahmar El Ain,Tipaza
Douaouda,Fouka,Tipaza
Sidi Rached,Ahmar El Ain,Tipaza
Attatba,Kolea,Tipaza
Chaiba,Kolea,Tipaza
Kolea,Kolea,Tipaza
Sidi Semiane,Cherchell,Tipaza
Tipaza,Tipaza,Tipaza
Beni Mileuk,Damous,Tipaza
El Mechira,Teleghma,Mila
El Ayadi Barbes,Ain Beida Harriche,Mila
Ain Beida Harriche,Ain Beida Harriche,Mila
Tassala Lematai,Terrai Bainen,Mila
Terrai Bainen,Terrai Bainen,Mila
Amira Arres,Terrai Bainen,Mila
Tassadane Haddada,Tassadane Haddada,Mila
Minar Zarza,Tassadane Haddada,Mila
Sidi Merouane,Sidi Merouane,Mila
Chigara,Sidi Merouane,Mila
Hamala,Grarem Gouga,Mila
Grarem Gouga,Grarem Gouga,Mila
Tiberguent,Rouached,Mila
Rouached,Rouached,Mila
Derrahi Bousselah,Bouhatem,Mila
Zeghaia,Oued Endja,Mila
Oued Endja,Oued Endja,Mila
Ahmed Rachedi,Oued Endja,Mila
Tadjenanet,Tadjenanet,Mila
Ain Mellouk,Chelghoum Laid,Mila
Ouled Khalouf,Tadjenanet,Mila
Benyahia Abderrahmane,Tadjenanet,Mila
Teleghma,Teleghma,Mila
Oued Seguen,Teleghma,Mila
Oued Athmenia,Chelghoum Laid,Mila
Ain Tine,Mila,Mila
Chelghoum Laid,Chelghoum Laid,Mila
Yahia Beniguecha,Ferdjioua,Mila
Ferdjioua,Ferdjioua,Mila
Sidi Khelifa,Mila,Mila
Mila,Mila,Mila
Bouhatem,Bouhatem,Mila
Khemis-Miliana,Khemis,Aïn Defla
Sidi-Lakhdar,Khemis,Aïn Defla
Ain-Benian,Hammam Righa,Aïn Defla
Ain-Torki,Hammam Righa,Aïn Defla
Hammam-Righa,Hammam Righa,Aïn Defla
Bourached,Djelida,Aïn Defla
Hoceinia,Boumedfaa,Aïn Defla
Djelida,Djelida,Aïn Defla
Arib,El Amra,Aïn Defla
Djemaa Ouled Cheikh,Djelida,Aïn Defla
El-Amra,El Amra,Aïn Defla
El-Attaf,El Attaf,Aïn Defla
Tiberkanine,El Attaf,Aïn Defla
Ain-Bouyahia,El Abadia,Aïn Defla
El-Abadia,El Abadia,Aïn Defla
Tacheta Zegagha,El Abadia,Aïn Defla
Birbouche,Djendel,Aïn Defla
Djendel,Djendel,Aïn Defla
Ben Allal,Miliana,Aïn Defla
Oued Chorfa,Djendel,Aïn Defla
Boumedfaa,Boumedfaa,Aïn Defla
Ain-Lechiakh,Ain Lechiakh,Aïn Defla
Ain-Soltane,Ain Lechiakh,Aïn Defla
Oued Djemaa,Ain Lechiakh,Aïn Defla
El-Maine,Rouina,Aïn Defla
Rouina,Rouina,Aïn Defla
Zeddine,Rouina,Aïn Defla
Bir-Ould-Khelifa,Bordj El Emir Khaled,Aïn Defla
Bordj-Emir-Khaled,Bordj El Emir Khaled,Aïn Defla
Tarik-Ibn-Ziad,Bordj El Emir Khaled,Aïn Defla
Bathia,Bathia,Aïn Defla
Belaas,Bathia,Aïn Defla
Hassania,Bathia,Aïn Defla
Ain-Defla,Ain Defla,Aïn Defla
Miliana,Miliana,Aïn Defla
Mekhatria,El Amra,Aïn Defla
Tiout,Ain Sefra,Naâma
Moghrar,Moghrar,Naâma
Asla,Asla,Naâma
Kasdir,Mekmen Ben Amar,Naâma
Makmen Ben Amar,Mekmen Ben Amar,Naâma
Ain Sefra,Ain Sefra,Naâma
Mecheria,Mecheria,Naâma
El Biodh,Mecheria,Naâma
Ain Ben Khelil,Mecheria,Naâma
Naama,Naama,Naâma
Djenienne Bourezg,Moghrar,Naâma
Sfissifa,Sfissifa,Naâma
Sidi Boumediene,Ain Larbaa,Aïn Témouchent
Tamzoura,Ain Larbaa,Aïn Témouchent
Chaabat El Ham,El Maleh,Aïn Témouchent
El Maleh,El Maleh,Aïn Témouchent
Ouled Kihal,El Maleh,Aïn Témouchent
Chentouf,Hammam Bou Hadjar,Aïn Témouchent
Terga,El Maleh,Aïn Témouchent
Oued Sebbah,Ain Larbaa,Aïn Témouchent
El Amria,El Amria,Aïn Témouchent
Hassi El Ghella,El Amria,Aïn Témouchent
Ouled Boudjemaa,El Amria,Aïn Témouchent
Aghlal,Ain Kihel,Aïn Témouchent
Ain Kihal,Ain Kihel,Aïn Témouchent
Ain Tolba,Ain Kihel,Aïn Témouchent
Aoubellil,Ain Kihel,Aïn Témouchent
Beni Saf,Beni Saf,Aïn Témouchent
Hassasna,Hammam Bou Hadjar,Aïn Témouchent
Emir Abdelkader,Beni Saf,Aïn Témouchent
Sidi Safi,Beni Saf,Aïn Témouchent
Oulhaca El Gheraba,Oulhassa Gheraba,Aïn Témouchent
Sidi Ouriache,Oulhassa Gheraba,Aïn Témouchent
Ain El Arbaa,Ain Larbaa,Aïn Témouchent
El Messaid,El Amria,Aïn Témouchent
Oued Berkeche,Hammam Bou Hadjar,Aïn Témouchent
Sidi Ben Adda,Ain Temouchent,Aïn Témouchent
Ain Temouchent,Ain Temouchent,Aïn Témouchent
Bouzedjar,El Amria,Aïn Témouchent
Hammam Bou Hadjar,Hammam Bou Hadjar,Aïn Témouchent
Dhayet Bendhahoua,Dhayet Ben Dhahoua,Ghardaïa
Mansoura,Mansourah,Ghardaïa
El Atteuf,Bounoura,Ghardaïa
Bounoura,Bounoura,Ghardaïa
Zelfana,Zelfana,Ghardaïa
El Guerrara,El Guerrara,Ghardaïa
Sebseb,Metlili,Ghardaïa
Metlili,Metlili,Ghardaïa
Berriane,Berriane,Ghardaïa
Ghardaia,Ghardaia,Ghardaïa
El-Guettar,Mazouna,Relizane
Ouled Aiche,Ammi Moussa,Relizane
Beni Dergoun,Zemmoura,Relizane
Dar Ben Abdelah,Zemmoura,Relizane
Zemmoura,Zemmoura,Relizane
Djidiouia,Djidiouia,Relizane
Hamri,Djidiouia,Relizane
Belaassel Bouzagza,El Matmar,Relizane
El-Matmar,El Matmar,Relizane
Sidi Khettab,El Matmar,Relizane
Sidi M'hamed Benaouda,El Matmar,Relizane
Ain-Tarek,Ain Tarek,Relizane
Had Echkalla,Ain Tarek,Relizane
El Ouldja,Ammi Moussa,Relizane
Mazouna,Mazouna,Relizane
Ain Rahma,Yellel,Relizane
Kalaa,Yellel,Relizane
Sidi Saada,Yellel,Relizane
Yellel,Yellel,Relizane
Souk El Had,Ramka,Relizane
Mendes,Mendes,Relizane
Oued Essalem,Mendes,Relizane
Sidi Lazreg,Mendes,Relizane
Ammi Moussa,Ammi Moussa,Relizane
Ouarizane,Oued Rhiou,Relizane
Merdja Sidi Abed,Oued Rhiou,Relizane
Ouled Sidi Mihoub,Djidiouia,Relizane
Bendaoud,Relizane,Relizane
Oued-Rhiou,Oued Rhiou,Relizane
El Hassi,Ammi Moussa,Relizane
Sidi M'hamed Benali,Sidi M'hamed Ben Ali,Relizane
Mediouna,Sidi M'hamed Ben Ali,Relizane
Beni Zentis,Sidi M'hamed Ben Ali,Relizane
Oued El Djemaa,El H'madna,Relizane
Lahlef,Oued Rhiou,Relizane
Relizane,Relizane,Relizane
El H'madna,El H'madna,Relizane
Ramka,Ramka,Relizane
Tinerkouk,Tinerkouk,Timimoun
Timimoun,Timimoun,Timimoun
Ouled Said,Timimoun,Timimoun
Metarfa,Aougrout,Timimoun
Talmine,Charouine,Timimoun
Ouled Aissa,Charouine,Timimoun
Charouine,Charouine,Timimoun
Aougrout,Aougrout,Timimoun
Deldoul,Aougrout,Timimoun
Ksar Kaddour,Tinerkouk,Timimoun
Timiaouine,Bordj Badji Mokhtar,Bordj Badji Mokhtar
Bordj Badji Mokhtar,Bordj Badji Mokhtar,Bordj Badji Mokhtar
Ras El Miad,Sidi Khaled,Ouled Djellal
Besbes,Sidi Khaled,Ouled Djellal
Sidi Khaled,Sidi Khaled,Ouled Djellal
Doucen,Ouled Djellal,Ouled Djellal
Chaiba,Ouled Djellal,Ouled Djellal
Ouled Djellal,Ouled Djellal,Ouled Djellal
Beni-Abbes,Beni Abbes,Béni Abbès
Tamtert,Beni Abbes,Béni Abbès
Igli,Igli,Béni Abbès
El Ouata,El Ouata,Béni Abbès
Ouled-Khodeir,Ouled Khodeir,Béni Abbès
Kerzaz,Kerzaz,Béni Abbès
Timoudi,Kerzaz,Béni Abbès
Ksabi,Ouled Khodeir,Béni Abbès
Beni-Ikhlef,Kerzaz,Béni Abbès
Inghar,In Ghar,In Salah
Ain Salah,In Salah,In Salah
Foggaret Ezzoua,In Salah,In Salah
Tin Zouatine,Tin Zouatine,In Guezzam
Ain Guezzam,In Guezzam,In Guezzam
Temacine,Temacine,Touggourt
Sidi Slimane,Megarine,Touggourt
Megarine,Megarine,Touggourt
Nezla,Touggourt,Touggourt
Blidet Amor,Temacine,Touggourt
Tebesbest,Touggourt,Touggourt
Touggourt,Touggourt,Touggourt
Taibet,Taibet,Touggourt
El Alia,El-Hadjira,Touggourt
El-Hadjira,El-Hadjira,Touggourt
Benaceur,Taibet,Touggourt
M'naguer,Taibet,Touggourt
Zaouia El Abidia,Touggourt,Touggourt
Djanet,Djanet,Djanet
Bordj El Haouass,Djanet,Djanet
Oum Touyour,El Meghaier,El Meghaier
Sidi Amrane,Djamaa,El Meghaier
M'rara,Djamaa,El Meghaier
Djamaa,Djamaa,El Meghaier
Tenedla,Djamaa,El Meghaier
El-M'ghaier,El Meghaier,El Meghaier
Still,El Meghaier,El Meghaier
Sidi Khelil,El Meghaier,El Meghaier
El Meniaa,El Menia,El Menia
Hassi Gara,El Menia,El Menia
Hassi Fehal,Mansourah,El Menia